{
  "training_history": {
    "accuracy": [
      0.5,
      0.5263158082962036,
      0.5526315569877625,
      0.5526315569877625,
      0.6578947305679321
    ],
    "loss": [
      0.8325000405311584,
      0.8331707119941711,
      0.7447587847709656,
      0.6574438214302063,
      0.6072341799736023
    ],
    "precision": [
      0.5,
      0.5454545617103577,
      0.5714285969734192,
      0.5416666865348816,
      0.625
    ],
    "recall": [
      0.7894737124443054,
      0.31578946113586426,
      0.42105263471603394,
      0.6842105388641357,
      0.7894737124443054
    ],
    "val_accuracy": [
      0.5,
      0.5,
      0.4000000059604645,
      0.5,
      0.20000000298023224
    ],
    "val_loss": [
      0.7633781433105469,
      0.7686521410942078,
      0.7468344569206238,
      0.7708280682563782,
      0.7748864889144897
    ],
    "val_precision": [
      0.0,
      0.0,
      0.4000000059604645,
      0.5,
      0.2857142984867096
    ],
    "val_recall": [
      0.0,
      0.0,
      0.4000000059604645,
      1.0,
      0.4000000059604645
    ],
    "learning_rate": [
      0.0010000000474974513,
      0.0010000000474974513,
      0.0010000000474974513,
      0.0010000000474974513,
      0.0010000000474974513
    ]
  },
  "test_metrics": {
    "loss": 0.7217391133308411,
    "compile_metrics": 0.5
  },
  "training_time_seconds": 1.4458298683166504,
  "model_type": "lightweight",
  "data_stats": {
    "total_samples": 38,
    "sequence_length": 30,
    "features_per_frame": 1404,
    "real_samples": "19",
    "fake_samples": "19",
    "class_balance": 0.5,
    "feature_stats": {
      "mean": 1.6647518737819111e-19,
      "std": 1.0,
      "min": -3.722219153058648,
      "max": 3.6977946802417927
    }
  },
  "config": {
    "epochs": 5,
    "batch_size": 8,
    "model_config": {
      "input_shape": [
        468,
        3
      ],
      "sequence_length": 30,
      "num_classes": 2,
      "learning_rate": 0.001,
      "batch_size": 32,
      "epochs": 100,
      "validation_split": 0.2,
      "early_stopping_patience": 10
    }
  }
}